employee_id,employee_name,department,salary,city,joining_timestamp
1017,Employee_17,Finance,112189,Hyderabad,2026-12-30 23:58:00
1033,Employee_33,Finance,75397,Hyderabad,2027-02-17 14:15:00
1014,Employee_14,Sales,124475,Hyderabad,2027-02-14 16:26:00
1012,Employee_12,HR,102121,Bangalore,2027-05-11 04:12:00
1029,Employee_29,Finance,134299,Bangalore,2027-04-12 14:23:00
1023,Employee_23,Finance,80758,Chennai,2026-12-09 06:22:00
1039,Employee_39,Engineering,58247,Bangalore,2027-07-26 09:10:00
1037,Employee_37,HR,90591,Pune,2026-12-26 15:51:00
1022,Employee_22,Operations,44692,Chennai,2026-10-21 01:01:00
1045,Employee_45,Sales,47185,Chennai,2026-09-07 07:08:00
1025,Employee_25,Engineering,106211,Mumbai,2026-12-04 10:52:00
1040,Employee_40,Sales,59300,Pune,2026-12-29 18:34:00
1011,Employee_11,Finance,127067,Bangalore,2027-07-14 15:32:00
1007,Employee_7,HR,145510,Pune,2026-10-05 18:44:00
1032,Employee_32,Finance,129663,Mumbai,2027-03-29 00:32:00
1004,Employee_4,Operations,58483,Mumbai,2027-01-18 12:12:00
1020,Employee_20,Finance,87995,Hyderabad,2026-09-21 20:38:00
1031,Employee_31,HR,46534,Hyderabad,2027-02-15 06:10:00
1035,Employee_35,HR,36016,Bangalore,2027-04-09 12:18:00
1012,Employee_12,HR,102121,Bangalore,2027-05-11 04:12:00
1018,Employee_18,Operations,144109,Hyderabad,2027-01-08 08:40:00
1034,Employee_34,Engineering,126387,Hyderabad,2027-07-15 11:19:00
1044,Employee_44,Sales,121807,Chennai,2027-04-11 20:04:00
1015,Employee_15,Finance,54457,Hyderabad,2026-12-15 13:32:00
1043,Employee_43,Finance,44268,Bangalore,2026-08-02 09:47:00
1038,Employee_38,Operations,124812,Hyderabad,2026-12-06 15:17:00
1027,Employee_27,HR,72065,Mumbai,2027-04-04 12:54:00
1016,Employee_16,Sales,101557,Bangalore,2027-06-03 18:43:00
1008,Employee_8,HR,141530,Pune,2026-10-02 05:05:00
1028,Employee_28,Sales,127093,Chennai,2027-02-20 08:58:00
1026,Employee_26,HR,100697,Bangalore,2027-01-19 14:31:00
1021,Employee_21,Sales,75757,Pune,2026-11-21 13:48:00
1009,Employee_9,HR,115077,Bangalore,2027-05-11 20:43:00
1013,Employee_13,Operations,104479,Mumbai,2027-03-21 11:38:00
1001,Employee_1,Finance,111552,Bangalore,2027-01-26 15:48:00
1003,Employee_3,HR,103148,Mumbai,2027-03-19 21:14:00
1005,Employee_5,Operations,83555,Pune,2027-01-07 15:58:00
1030,Employee_30,Finance,67606,Pune,2027-06-22 04:33:00
1042,Employee_42,Engineering,117798,Hyderabad,2026-11-21 04:59:00
1028,Employee_28,Sales,127093,Chennai,2027-02-20 08:58:00
1024,Employee_24,Engineering,107409,Bangalore,2027-03-12 09:00:00
1035,Employee_35,HR,36016,Bangalore,2027-04-09 12:18:00
1006,Employee_6,Sales,52159,Bangalore,2027-04-01 06:27:00
1005,Employee_5,Operations,83555,Pune,2027-01-07 15:58:00
1019,Employee_19,Engineering,113953,Bangalore,2027-01-28 01:48:00
1019,Employee_19,Engineering,113953,Bangalore,2027-01-28 01:48:00
1010,Employee_10,Operations,70920,Bangalore,2027-07-06 19:57:00
1041,Employee_41,Finance,109065,Chennai,2027-04-21 00:25:00
1036,Employee_36,Operations,124789,Hyderabad,2027-07-12 11:18:00
1002,Employee_2,Operations,58897,Mumbai,2026-09-21 12:29:00
